id,titulo,orcamento,bilheteria_mundial,duracao_minutos,nota_media,numero_votos,metascore,produtoras,locacoes_filmagem
tt0111161,The Shawshank Redemption,25000000.0,29424909.0,142.0,9.3,3219026.0,82.0,"[{'id': 'co0040620', 'name': 'Castle Rock Entertainment'}]","['Butler, Ohio, USA']"
tt0068646,The Godfather,6000000.0,250933436.0,175.0,9.2,2244201.0,100.0,"[{'id': 'co0023400', 'name': 'Paramount Pictures'}, {'id': 'co0921482', 'name': 'Albert S. Ruddy Productions'}, {'id': 'co0255097', 'name': 'Alfran Productions'}]","[""Forza d'Agrò, Messina, Sicily, Italy""]"
tt0468569,The Dark Knight,185000000.0,1008480203.0,152.0,9.1,3204629.0,85.0,"[{'id': 'co0002663', 'name': 'Warner Bros.'}, {'id': 'co1041831', 'name': 'Legendary Pictures'}, {'id': 'co0038332', 'name': 'DC Comics'}]","['Chicago, Illinois, USA']"
tt0071562,The Godfather Part II,13000000.0,48209545.0,202.0,9.0,1505420.0,90.0,"[{'id': 'co0023400', 'name': 'Paramount Pictures'}, {'id': 'co0099634', 'name': 'The Coppola Company'}, {'id': 'co0020958', 'name': 'American Zoetrope'}]","['Kaiser Estate - 4000 W Lake Blvd, Homewood, Lake Tahoe, California, USA']"
tt0167260,The Lord of the Rings: The Return of the King,94000000.0,1149453674.0,201.0,9.0,2181632.0,94.0,"[{'id': 'co0046718', 'name': 'New Line Cinema'}, {'id': 'co0046203', 'name': 'WingNut Films'}, {'id': 'co0061706', 'name': 'The Saul Zaentz Company'}]","['Hinuera Valley, Matamata, Waikato, New Zealand']"
tt0050083,12 Angry Men,350000.0,13168.0,96.0,9.0,996035.0,97.0,"[{'id': 'co0032902', 'name': 'Orion-Nova Productions'}]","['New York County Courthouse - 60 Centre Street, New York City, New York, USA']"
tt0108052,Schindler's List,22000000.0,322161245.0,195.0,9.0,1595817.0,95.0,"[{'id': 'co0005073', 'name': 'Universal Pictures'}, {'id': 'co0009119', 'name': 'Amblin Entertainment'}]","['Auschwitz-Birkenau Concentration Camp, Oswiecim, Malopolskie, Poland']"
tt0120737,The Lord of the Rings: The Fellowship of the Ring,93000000.0,897539618.0,178.0,8.9,2224790.0,92.0,"[{'id': 'co0046718', 'name': 'New Line Cinema'}, {'id': 'co0046203', 'name': 'WingNut Films'}, {'id': 'co0614377', 'name': 'Marzano Films'}]","['Wellington, New Zealand']"
tt0110912,Pulp Fiction,8000000.0,213928762.0,154.0,8.8,2455116.0,95.0,"[{'id': 'co0022594', 'name': 'Miramax'}, {'id': 'co0019267', 'name': 'A Band Apart'}, {'id': 'co0010434', 'name': 'Jersey Films'}]","['1435 Flower Street, Glendale, California, USA']"
tt0060196,"The Good, the Bad and the Ugly",1200000.0,25280183.0,178.0,8.8,896337.0,90.0,"[{'id': 'co0013844', 'name': 'Produzioni Europee Associate (PEA)'}, {'id': 'co0046114', 'name': 'Arturo González Producciones Cinematográficas'}, {'id': 'co0002257', 'name': 'Constantin Film'}]","['Cabo de Gata, Almería, Andalucía, Spain']"
tt0167261,The Lord of the Rings: The Two Towers,94000000.0,945185917.0,179.0,8.8,1973312.0,87.0,"[{'id': 'co0046718', 'name': 'New Line Cinema'}, {'id': 'co0046203', 'name': 'WingNut Films'}, {'id': 'co0061706', 'name': 'The Saul Zaentz Company'}]","['Hinuera Valley, Matamata, Waikato, New Zealand']"
tt0109830,Forrest Gump,55000000.0,678226465.0,142.0,8.8,2519721.0,82.0,"[{'id': 'co0023400', 'name': 'Paramount Pictures'}, {'id': 'co0024369', 'name': 'The Steve Tisch Company'}, {'id': 'co0004317', 'name': 'Wendy Finerman Productions'}]","['Chippewa Square, Savannah, Georgia, USA']"
tt0137523,Fight Club,63000000.0,102438967.0,139.0,8.8,2641980.0,67.0,"[{'id': 'co0017497', 'name': 'Fox 2000 Pictures'}, {'id': 'co0867908', 'name': 'Regency Enterprises'}, {'id': 'co0038102', 'name': 'Linson Films'}]","['240 North Neptune Avenue, Los Angeles, California, USA']"
tt1375666,Inception,160000000.0,839796627.0,148.0,8.8,2849077.0,74.0,"[{'id': 'co0002663', 'name': 'Warner Bros.'}, {'id': 'co1041831', 'name': 'Legendary Pictures'}, {'id': 'co0147954', 'name': 'Syncopy'}]","['Fortress Mountain, Kananaskis Country, Alberta, Canada']"
tt0080684,Star Wars: Episode V - The Empire Strikes Back,18000000.0,550016086.0,124.0,8.7,1516392.0,82.0,"[{'id': 'co0071326', 'name': 'Lucasfilm'}]","['Hardangerjøkulen Glacier, Finse, Norway']"
tt0133093,The Matrix,63000000.0,473333509.0,136.0,8.7,2266147.0,73.0,"[{'id': 'co0002663', 'name': 'Warner Bros.'}, {'id': 'co0108864', 'name': 'Village Roadshow Pictures'}, {'id': 'co0060075', 'name': 'Groucho Film Partnership'}]","['Nashville, Tennessee, USA']"
tt0816692,Interstellar,165000000.0,764344535.0,169.0,8.7,2579990.0,74.0,"[{'id': 'co0023400', 'name': 'Paramount Pictures'}, {'id': 'co0002663', 'name': 'Warner Bros.'}, {'id': 'co1041831', 'name': 'Legendary Pictures'}]",['Iceland']
tt0099685,GoodFellas,25000000.0,47292032.0,145.0,8.7,1404679.0,92.0,"[{'id': 'co0002663', 'name': 'Warner Bros.'}]","['Staten Island, New York City, New York, USA']"
tt0073486,One Flew Over the Cuckoo's Nest,3000000.0,109130852.0,133.0,8.6,1162651.0,84.0,"[{'id': 'co0066949', 'name': 'Fantasy Films'}, {'id': 'co0046377', 'name': 'N.V. Zvaluw'}]","['Oregon State Mental Hospital - 2600 Center Street NE, Salem, Oregon, USA']"
tt0114369,Seven,33000000.0,329813591.0,127.0,8.6,2044647.0,65.0,"[{'id': 'co0027715', 'name': 'Arnold Kopelson Productions'}, {'id': 'co0078943', 'name': 'Cecchi Gori Pictures'}, {'id': 'co0043545', 'name': 'Juno Pix'}]","['Pacific Electric Building, Los Angeles, California, USA']"
tt0038650,It's a Wonderful Life,3180000.0,11497647.0,130.0,8.6,557068.0,89.0,"[{'id': 'co0196361', 'name': 'Liberty Films (II)'}]","['Beverly Hills High School - 241 Moreno Drive, Beverly Hills, California, USA']"
tt0102926,The Silence of the Lambs,19000000.0,273138318.0,118.0,8.6,1738870.0,86.0,"[{'id': 'co0165563', 'name': 'Strong Heart/Demme Production'}, {'id': 'co0001995', 'name': 'Orion Pictures'}]","['Bimini Airport, South Bimini Island, Bimini Islands, Bahamas']"
tt0120815,Saving Private Ryan,70000000.0,482352390.0,169.0,8.6,1653555.0,91.0,"[{'id': 'co0819670', 'name': 'DreamWorks Pictures'}, {'id': 'co0023400', 'name': 'Paramount Pictures'}, {'id': 'co0009119', 'name': 'Amblin Entertainment'}]","['Curracloe Beach, Ballinesker, County Wexford, Ireland']"
tt0047478,Seven Samurai,125000000.0,1130429.0,207.0,8.6,404161.0,98.0,"[{'id': 'co0002219', 'name': 'Toho'}]","['Izu Peninsula, Shizuoka, Japan']"
tt0120689,The Green Mile,60000000.0,286801374.0,189.0,8.6,1575799.0,61.0,"[{'id': 'co0040620', 'name': 'Castle Rock Entertainment'}, {'id': 'co0029398', 'name': 'Darkwoods Productions'}]","['Tennessee State Penitentiary, Nashville, Tennessee, USA']"
tt0317248,City of God,3300000.0,30685656.0,130.0,8.6,877701.0,79.0,"[{'id': 'co0069394', 'name': 'O2 Filmes'}, {'id': 'co0018942', 'name': 'VideoFilmes'}, {'id': 'co0026273', 'name': 'Globo Filmes'}]","['Rio de Janeiro, Rio de Janeiro, Brazil']"
tt0118799,Life Is Beautiful,15000000000.0,230099013.0,116.0,8.6,818783.0,58.0,"[{'id': 'co0030298', 'name': 'Melampo Cinematografica'}, {'id': 'co0037028', 'name': 'Cecchi Gori Group Tiger Cinematografica'}]","['Arezzo, Tuscany, Italy']"
tt0103064,Terminator 2: Judgment Day,102000000.0,517814175.0,137.0,8.6,1293310.0,75.0,"[{'id': 'co0094459', 'name': 'Carolco Pictures'}, {'id': 'co0092551', 'name': 'Pacific Western'}, {'id': 'co0038663', 'name': 'Lightstorm Entertainment'}]","['Bayside Parkway & Gateway Boulevard, Fremont, California, USA']"
tt0088763,Back to the Future,19000000.0,392976852.0,116.0,8.5,1466723.0,88.0,"[{'id': 'co0005073', 'name': 'Universal Pictures'}, {'id': 'co0009119', 'name': 'Amblin Entertainment'}, {'id': 'co0010110', 'name': 'U-Drive Productions'}]","['Whittier High School - 12417 E. Philadelphia Street, Whittier, California, USA']"
tt0076759,Star Wars: Episode IV - A New Hope,11000000.0,775398507.0,121.0,8.6,1581533.0,90.0,"[{'id': 'co0071326', 'name': 'Lucasfilm'}, {'id': 'co0000756', 'name': '20th Century Fox'}]","['Tikal National Park, Guatemala']"
tt6019206,Kill Bill: The Whole Bloody Affair,,13089431.0,253.0,8.7,51827.0,95.0,"[{'id': 'co0019267', 'name': 'A Band Apart'}, {'id': 'co0484967', 'name': 'Shaw Brothers'}, {'id': 'co0086625', 'name': 'Super Cool ManChu'}]","['Lancaster, California, USA']"
tt0245429,Spirited Away,2000000000.0,360795806.0,124.0,8.6,978488.0,96.0,"[{'id': 'co0016626', 'name': 'Tokuma Shoten'}, {'id': 'co0048420', 'name': 'Studio Ghibli'}, {'id': 'co0003850', 'name': 'Nippon Television Network (NTV)'}]",[]
tt0172495,Gladiator,103000000.0,465518644.0,155.0,8.5,1869430.0,67.0,"[{'id': 'co0819670', 'name': 'DreamWorks Pictures'}, {'id': 'co0005073', 'name': 'Universal Pictures'}, {'id': 'co0074212', 'name': 'Scott Free Productions'}]","['Ouarzazate, Morocco']"
tt0253474,The Pianist,35000000.0,120098945.0,150.0,8.5,1019733.0,85.0,"[{'id': 'co0024473', 'name': 'R.P. Productions'}, {'id': 'co0030304', 'name': 'Heritage Films'}, {'id': 'co0053177', 'name': 'Studio Babelsberg'}]","['Instalatorów, Ochota, Warsaw, Mazowieckie, Poland']"
tt6751668,Parasite,11400000.0,263423899.0,132.0,8.5,1183914.0,97.0,"[{'id': 'co0197091', 'name': 'Barunson E&A'}]","['Jahamun-ro, Buam-dong, Jongno-gu, Seoul, South Korea']"
tt0095327,Grave of the Fireflies,3700000.0,4707975.0,88.0,8.5,392294.0,94.0,"[{'id': 'co0057589', 'name': 'Shinchosha'}, {'id': 'co0048420', 'name': 'Studio Ghibli'}]",[]
tt0056058,Harakiri,,15222.0,133.0,8.6,93033.0,85.0,"[{'id': 'co0007001', 'name': 'Shochiku'}]","['Kyoto, Kyoto, Japan']"
tt0054215,Psycho,806947.0,32276120.0,109.0,8.5,790839.0,97.0,"[{'id': 'co0137799', 'name': 'Alfred J. Hitchcock Productions'}, {'id': 'co0137800', 'name': 'Shamley Productions'}]","['Psycho House and Bates Motel, Backlot Universal Studios, Universal City, California, USA']"
tt0110357,The Lion King,45000000.0,979161632.0,88.0,8.5,1270658.0,88.0,"[{'id': 'co0008970', 'name': 'Walt Disney Pictures'}, {'id': 'co0074039', 'name': 'Walt Disney Animation Studios'}, {'id': 'co0075995', 'name': 'Walt Disney Feature Animation'}]","['Walt Disney Feature Animation - 1420 Flower Street, Glendale, California, USA']"
tt0407887,The Departed,90000000.0,292095981.0,151.0,8.5,1568818.0,85.0,"[{'id': 'co0002663', 'name': 'Warner Bros.'}, {'id': 'co0136967', 'name': 'Plan B Entertainment'}, {'id': 'co0011877', 'name': 'Initial Entertainment Group (IEG)'}]","['SUNY Maritime College, Bronx, New York City, New York, USA']"
tt2582802,Whiplash,3300000.0,50431161.0,106.0,8.5,1171605.0,89.0,"[{'id': 'co0135575', 'name': 'Bold Films'}, {'id': 'co0098315', 'name': 'Blumhouse Productions'}, {'id': 'co0280848', 'name': 'Right of Way Films'}]","['Santa Clarita, California, USA']"
tt0482571,The Prestige,40000000.0,109676311.0,130.0,8.5,1611350.0,66.0,"[{'id': 'co0049348', 'name': 'Touchstone Pictures'}, {'id': 'co0002663', 'name': 'Warner Bros.'}, {'id': 'co0129644', 'name': 'Newmarket Films'}]","['Durango and Silverton Narrow Gauge Railroad, Colorado, USA']"
tt0120586,American History X,20000000.0,23875714.0,119.0,8.5,1281171.0,62.0,"[{'id': 'co0046718', 'name': 'New Line Cinema'}, {'id': 'co0023612', 'name': 'The Turman-Morrissey Company'}]","['Venice High School - 13000 Venice Boulevard, Venice, Los Angeles, California, USA']"
tt9362722,Spider-Man: Across the Spider-Verse,150000000.0,690824738.0,140.0,8.5,541329.0,86.0,"[{'id': 'co0014351', 'name': 'Columbia Pictures'}, {'id': 'co0047120', 'name': 'Marvel Entertainment'}, {'id': 'co0121181', 'name': 'Sony Pictures Animation'}]",[]
tt0110413,Léon: The Professional,16000000.0,20330788.0,110.0,8.5,1359764.0,64.0,"[{'id': 'co0014351', 'name': 'Columbia Pictures'}, {'id': 'co0172053', 'name': 'Gaumont'}, {'id': 'co0008826', 'name': 'Les Films du Dauphin'}]","['Paris, France']"
tt0095765,Cinema Paradiso,5000000.0,13502484.0,174.0,8.5,319062.0,80.0,"[{'id': 'co0013358', 'name': 'Cristaldifilm'}, {'id': 'co0042444', 'name': 'Les Films Ariane'}, {'id': 'co0009359', 'name': 'Rai 3'}]","['Cefalù, Palermo, Sicily, Italy']"
tt0034583,Casablanca,950000.0,4757681.0,102.0,8.5,658490.0,100.0,"[{'id': 'co0002663', 'name': 'Warner Bros.'}]","['Flagstaff, Arizona, USA']"
tt1675434,The Intouchables,9500000.0,426590315.0,112.0,8.5,1036529.0,57.0,"[{'id': 'co0093197', 'name': 'Quad'}, {'id': 'co0387248', 'name': 'Ten Films'}, {'id': 'co0028557', 'name': 'Canal+'}]","['Cabourg, Calvados, France']"
tt0114814,The Usual Suspects,6000000.0,23343219.0,106.0,8.5,1247355.0,76.0,"[{'id': 'co0030612', 'name': 'Polygram Filmed Entertainment'}, {'id': 'co0033402', 'name': 'Spelling Films International'}, {'id': 'co0082030', 'name': 'Blue Parrot'}]","[""Korean Friendship Bell, Angel's Gate Park - 3601 Gaffey Street, San Pedro, Los Angeles, California, USA""]"
tt1853728,Django Unchained,100000000.0,426079005.0,165.0,8.5,1902162.0,81.0,"[{'id': 'co0014351', 'name': 'Columbia Pictures'}, {'id': 'co0150452', 'name': 'The Weinstein Company'}, {'id': 'co0282627', 'name': 'Visiona Romantica'}]","['Evergreen Plantation - 4677 Highway 18, Edgard, Louisiana, USA']"
tt0078748,Alien,11000000.0,109726643.0,117.0,8.4,1071667.0,89.0,"[{'id': 'co0000756', 'name': '20th Century Fox'}, {'id': 'co0132161', 'name': 'Brandywine Productions'}, {'id': 'co0074212', 'name': 'Scott Free Productions'}]","['Shepperton Studios, Shepperton, Surrey, England, UK']"
tt0047396,Rear Window,1000000.0,37918896.0,112.0,8.4,571660.0,100.0,"[{'id': 'co0137799', 'name': 'Alfred J. Hitchcock Productions'}]","['Stage 18, Paramount Studios - 5555 Melrose Avenue, Hollywood, Los Angeles, California, USA']"
tt0027977,Modern Times,1500000.0,469661.0,87.0,8.5,286821.0,96.0,"[{'id': 'co0028083', 'name': 'Charles Chaplin Productions'}]","['Sierra Hwy. & Penman Rd., Santa Clarita, California, USA']"
tt0064116,Once Upon a Time in the West,5000000.0,5445580.0,145.0,8.5,386341.0,82.0,"[{'id': 'co0021811', 'name': 'Rafran Cinematografica'}, {'id': 'co0067506', 'name': 'San Marco'}, {'id': 'co0023400', 'name': 'Paramount Pictures'}]","['Monument Valley, Arizona, USA']"
tt33764258,The Odyssey,250000000.0,922051460.0,173.0,8.5,348090.0,88.0,"[{'id': 'co0005073', 'name': 'Universal Pictures'}, {'id': 'co0147954', 'name': 'Syncopy'}]","['Messinia, Peloponnese region, Greece']"
tt0021749,City Lights,1500000.0,56018.0,87.0,8.5,217547.0,99.0,"[{'id': 'co0028083', 'name': 'Charles Chaplin Productions'}]","['Chaplin Studios - 1416 N. La Brea Avenue, Hollywood, Los Angeles, California, USA']"
tt0910970,WALL·E,180000000.0,527404782.0,98.0,8.4,1334115.0,95.0,"[{'id': 'co0008970', 'name': 'Walt Disney Pictures'}, {'id': 'co0017902', 'name': 'Pixar Animation Studios'}, {'id': 'co0622634', 'name': 'FortyFour Studios'}]","['Pixar Animation Studios - 1200 Park Avenue, Emeryville, California, USA']"
tt0078788,Apocalypse Now,31500000.0,105513178.0,147.0,8.4,774972.0,94.0,"[{'id': 'co0020958', 'name': 'American Zoetrope'}, {'id': 'co0035894', 'name': 'Zoetrope Studios'}]","['Baler Bay, Baler, Aurora, Philippines']"
tt0209144,Memento,9000000.0,43260108.0,113.0,8.4,1450156.0,83.0,"[{'id': 'co0082027', 'name': 'Newmarket Capital Group'}, {'id': 'co0050544', 'name': 'Team Todd'}, {'id': 'co0156819', 'name': 'I Remember Productions'}]","['Travel Inn - 7254 Foothill Blvd., Tujunga, Los Angeles, California, USA']"
tt4154756,Avengers: Infinity War,350000000.0,2052415039.0,149.0,8.4,1393829.0,68.0,"[{'id': 'co0051941', 'name': 'Marvel Studios'}, {'id': 'co0265297', 'name': 'Jason Roberts Productions'}, {'id': 'co0713020', 'name': 'South Pictures'}]","['Cockburn Street, Edinburgh, City of Edinburgh, Scotland, UK']"
tt15239678,Dune: Part Two,190000000.0,714844358.0,166.0,8.4,781524.0,79.0,"[{'id': 'co0002663', 'name': 'Warner Bros.'}, {'id': 'co1041831', 'name': 'Legendary Pictures'}, {'id': 'co0753601', 'name': 'Villeneuve Films'}]","['Wadi Rum, Jordan']"
tt0082971,Raiders of the Lost Ark,18000000.0,389925971.0,115.0,8.4,1116659.0,86.0,"[{'id': 'co0023400', 'name': 'Paramount Pictures'}, {'id': 'co0071326', 'name': 'Lucasfilm'}]","['University of the Pacific, Stockton, California, USA']"
tt4633694,Spider-Man: Into the Spider-Verse,90000000.0,394884133.0,117.0,8.4,804765.0,87.0,"[{'id': 'co0014351', 'name': 'Columbia Pictures'}, {'id': 'co0047120', 'name': 'Marvel Entertainment'}, {'id': 'co0121181', 'name': 'Sony Pictures Animation'}]",[]
tt0405094,The Lives of Others,2000000.0,77672685.0,137.0,8.4,445571.0,89.0,"[{'id': 'co0008261', 'name': 'Wiedemann & Berg Filmproduktion'}, {'id': 'co0051615', 'name': 'Bayerischer Rundfunk (BR)'}, {'id': 'co0014456', 'name': 'ARTE'}]","['Gedenkstätte Hohenschönhausen, Hohenschönhausen, Berlin, Germany']"
tt0043014,Sunset Boulevard,1752000.0,339342.0,110.0,8.4,262826.0,94.0,"[{'id': 'co0023400', 'name': 'Paramount Pictures'}]","['Getty Mansion - 641 S. Irving Boulevard, Midtown, Los Angeles, California, USA']"
tt0051201,Witness for the Prosecution,3000000.0,7903.0,116.0,8.4,163463.0,76.0,"[{'id': 'co0134950', 'name': 'Edward Small Productions'}]","['Metro-Goldwyn-Mayer Studios - 10202 W. Washington Blvd., Culver City, California, USA']"
tt0050825,Paths of Glory,935000.0,9307.0,88.0,8.4,241545.0,90.0,"[{'id': 'co0068126', 'name': 'Bryna Productions'}]","['Schloß Schleißheim, Oberschleißheim, Bavaria, Germany']"
tt0081505,The Shining,19000000.0,50312025.0,146.0,8.4,1236777.0,68.0,"[{'id': 'co0002663', 'name': 'Warner Bros.'}, {'id': 'co0113563', 'name': 'Hawk Films'}, {'id': 'co0025454', 'name': 'Peregrine'}]","['Timberline Lodge - 27500 E Timberline Road, Government Camp, Mount Hood, Oregon, USA']"
tt0032553,The Great Dictator,2000000.0,972212.0,125.0,8.4,259512.0,,"[{'id': 'co0028083', 'name': 'Charles Chaplin Productions'}]","['Santa Monica Mountains, Los Angeles, California, USA']"
tt0361748,Inglourious Basterds,70000000.0,321461171.0,153.0,8.4,1806286.0,69.0,"[{'id': 'co0005073', 'name': 'Universal Pictures'}, {'id': 'co0150452', 'name': 'The Weinstein Company'}, {'id': 'co0019267', 'name': 'A Band Apart'}]","['Brasserie La Renaissance, 112 rue Championnet, Paris 18, Paris, France']"
tt0090605,Aliens,18500000.0,131060248.0,137.0,8.4,844780.0,84.0,"[{'id': 'co0000756', 'name': '20th Century Fox'}, {'id': 'co0000756', 'name': '20th Century Fox'}, {'id': 'co0132161', 'name': 'Brandywine Productions'}]","['Acton Lane Power Station, Acton Lane, Acton, London, England, UK']"
tt23849204,12th Fail,,138288.0,147.0,8.7,175242.0,,"[{'id': 'co0774661', 'name': 'Vinod Chopra Films'}, {'id': 'co0274702', 'name': 'Zee Studios'}]","['Chambal Valley, Madhya Pradesh, India']"
tt0057565,High and Low,230000000.0,72745.0,143.0,8.4,72863.0,90.0,"[{'id': 'co0002219', 'name': 'Toho'}, {'id': 'co0095216', 'name': 'Kurosawa Production Co.'}]","['Toho Studios, Tokyo, Japan']"
tt4154796,Avengers: Endgame,356000000.0,2799439100.0,181.0,8.4,1469332.0,78.0,"[{'id': 'co0051941', 'name': 'Marvel Studios'}]","['Durham Cathedral, The College, Durham, County Durham, England, UK']"
tt0119217,Good Will Hunting,10000000.0,225933435.0,126.0,8.4,1232731.0,71.0,"[{'id': 'co0022594', 'name': 'Miramax'}, {'id': 'co0093776', 'name': 'Lawrence Bender Productions'}, {'id': 'co0031032', 'name': 'Be Gentlemen Limited Partnership'}]","['Massachusetts Turnpike, Massachusetts, USA']"
tt2380307,Coco,175000000.0,822423956.0,105.0,8.4,719956.0,81.0,"[{'id': 'co0008970', 'name': 'Walt Disney Pictures'}, {'id': 'co0017902', 'name': 'Pixar Animation Studios'}, {'id': 'co0679476', 'name': 'Día de Muertos'}]","['Pixar Animation Studios - 1200 Park Avenue, Emeryville, California, USA']"
tt1345836,The Dark Knight Rises,250000000.0,1085429532.0,164.0,8.4,2015322.0,78.0,"[{'id': 'co0002663', 'name': 'Warner Bros.'}, {'id': 'co1041831', 'name': 'Legendary Pictures'}, {'id': 'co0123927', 'name': 'DC Entertainment'}]","['Mehrangarh Fort, Jodhpur, Rajasthan, India']"
tt0114709,Toy Story,30000000.0,401157969.0,81.0,8.3,1191245.0,96.0,"[{'id': 'co0008970', 'name': 'Walt Disney Pictures'}, {'id': 'co0017902', 'name': 'Pixar Animation Studios'}]","['Pixar Animation Studios - 1001 W. Cutting Blvd., Richmond, California, USA']"
tt0086879,Amadeus,18000000.0,52271162.0,160.0,8.4,471289.0,87.0,"[{'id': 'co0061706', 'name': 'The Saul Zaentz Company'}, {'id': 'co0001757', 'name': 'AMLF'}]","['Barrandov Studios, Prague, Czech Republic']"
tt5311514,Your Name.,370000000.0,405631820.0,106.0,8.4,400218.0,81.0,"[{'id': 'co0028938', 'name': 'Amuse'}, {'id': 'co0279747', 'name': 'CoMix Wave Films'}, {'id': 'co0169715', 'name': 'East Japan Marketing & Communications Inc.'}]",[]
tt0082096,Das Boot,32000000.0,11489279.0,149.0,8.3,289519.0,85.0,"[{'id': 'co0011145', 'name': 'Bavaria Film'}, {'id': 'co0004917', 'name': 'Twin Bros. Productions'}, {'id': 'co0100358', 'name': 'Radiant Film GmbH'}]",['North Sea near Heligoland']
tt0112573,Braveheart,72000000.0,213216216.0,178.0,8.3,1168115.0,68.0,"[{'id': 'co0000700', 'name': 'Icon Entertainment International'}, {'id': 'co0042559', 'name': 'The Ladd Company'}, {'id': 'co0078539', 'name': 'B.H. Finance C.V.'}]","['Fort William, Glen Coe, Highland, Scotland, UK']"
tt0119698,Princess Mononoke,2400000000.0,34598531.0,133.0,8.3,487968.0,78.0,"[{'id': 'co0064941', 'name': 'DENTSU Music And Entertainment'}, {'id': 'co0205112', 'name': 'Nibariki'}, {'id': 'co0003850', 'name': 'Nippon Television Network (NTV)'}]",[]
tt1187043,3 Idiots,550000000.0,60262836.0,170.0,8.4,486975.0,67.0,"[{'id': 'co0106826', 'name': 'Vinod Chopra Productions'}]","['IIM Campus, Bangalore, Karnataka, India']"
tt0364569,Oldboy,3000000.0,17617021.0,120.0,8.3,727174.0,78.0,"[{'id': 'co0102054', 'name': 'Show East'}, {'id': 'co0086996', 'name': 'Egg Films'}]","['Busan, South Korea']"
tt0057012,Dr. Strangelove or: How I Learned to Stop Worrying and Love the Bomb,1800000.0,9820632.0,95.0,8.3,552852.0,97.0,"[{'id': 'co0038089', 'name': 'Stanley Kubrick Productions'}, {'id': 'co0108852', 'name': 'Columbia Pictures Corporation'}]","['Banff National Park, Alberta, Canada']"
tt0169547,American Beauty,15000000.0,356296601.0,122.0,8.3,1284509.0,84.0,"[{'id': 'co0819670', 'name': 'DreamWorks Pictures'}, {'id': 'co0021095', 'name': 'Jinks/Cohen Company'}]","['Sacramento, California, USA']"
tt8267604,Capernaum,4000000.0,64417003.0,126.0,8.4,125920.0,75.0,"[{'id': 'co0694202', 'name': 'Mooz Films'}, {'id': 'co0739287', 'name': 'Cedrus Invest Bank'}, {'id': 'co0739288', 'name': 'Sunnyland Film'}]","['Cola, Beirut, Lebanon']"
tt0045152,Singin' in the Rain,2540800.0,2113091.0,103.0,8.3,284620.0,99.0,"[{'id': 'co0054683', 'name': ""Loew's""}]","['Metro-Goldwyn-Mayer Studios - 10202 W. Washington Blvd., Culver City, California, USA']"
tt0087843,Once Upon a Time in America,30000000.0,5476424.0,229.0,8.3,410505.0,75.0,"[{'id': 'co0042559', 'name': 'The Ladd Company'}, {'id': 'co0002663', 'name': 'Warner Bros.'}, {'id': 'co0035468', 'name': 'Producers Sales Organization (PSO)'}]","['Cinecittà Studios, Cinecittà, Rome, Lazio, Italy']"
tt7286456,Joker,55000000.0,1078958629.0,122.0,8.3,1713349.0,59.0,"[{'id': 'co0002663', 'name': 'Warner Bros.'}, {'id': 'co0108864', 'name': 'Village Roadshow Pictures'}, {'id': 'co0309252', 'name': 'BRON Studios'}]","['Joker Stairs - 1165 Shakespeare Avenue, The Bronx, New York City, New York, USA']"
tt0435761,Toy Story 3,200000000.0,1067316101.0,103.0,8.3,984316.0,92.0,"[{'id': 'co0008970', 'name': 'Walt Disney Pictures'}, {'id': 'co0017902', 'name': 'Pixar Animation Studios'}]","['Pixar Animation Studios - 1200 Park Avenue, Emeryville, California, USA']"
tt0086190,Star Wars: Episode VI - Return of the Jedi,32500000.0,482466382.0,131.0,8.3,1218630.0,58.0,"[{'id': 'co0071326', 'name': 'Lucasfilm'}]","['Miller-Rellim Redwood Company Property - Morrison Creek Road, Smith River, California, USA']"
tt0091251,Come and See,,20929648.0,142.0,8.3,125248.0,,"[{'id': 'co0114140', 'name': 'Belarusfilm'}, {'id': 'co0917448', 'name': 'Mosfilm'}]",['Soviet Union']
tt0180093,Requiem for a Dream,4500000.0,7391471.0,102.0,8.3,980635.0,71.0,"[{'id': 'co0014903', 'name': 'Artisan Entertainment'}, {'id': 'co0042682', 'name': 'Thousand Words'}, {'id': 'co0067219', 'name': 'Sibling Productions'}]","['Coney Island, Brooklyn, New York City, New York, USA']"
tt0044741,Ikiru,,112105.0,143.0,8.3,103315.0,92.0,"[{'id': 'co0002219', 'name': 'Toho'}]","['Tokyo, Japan']"
tt1255953,Incendies,6800000.0,6788782.0,131.0,8.3,256228.0,80.0,"[{'id': 'co0089507', 'name': 'micro_scope'}, {'id': 'co0011118', 'name': 'TS Productions'}, {'id': 'co0246496', 'name': 'Phi Group'}]","['Amman, Jordan']"
tt2106476,The Hunt,20000000.0,15886373.0,115.0,8.3,414922.0,77.0,"[{'id': 'co0136662', 'name': 'Zentropa Entertainments'}, {'id': 'co0001935', 'name': 'Film i Väst'}, {'id': 'co0338571', 'name': 'Zentropa International Sweden'}]","['Høje Taastrup Kirke, Taastrup, Denmark']"
tt0338013,Eternal Sunshine of the Spotless Mind,20000000.0,72944255.0,108.0,8.3,1190603.0,89.0,"[{'id': 'co0042399', 'name': 'Focus Features'}, {'id': 'co0017525', 'name': 'Anonymous Content'}, {'id': 'co0017713', 'name': 'This Is That Productions'}]","['Montauk, New York, USA']"
tt0053604,The Apartment,3000000.0,18783770.0,125.0,8.3,221986.0,94.0,"[{'id': 'co0011112', 'name': 'The Mirisch Corporation'}]","['Majestic Theater, 247 West 44th Street, Manhattan, New York City, New York, USA']"
tt0056172,Lawrence of Arabia,15000000.0,46341756.0,227.0,8.3,344195.0,100.0,"[{'id': 'co0103190', 'name': 'Horizon Pictures (II)'}]","['Wadi Rum, Jordan']"
tt0113277,Heat,60000000.0,187436818.0,170.0,8.3,813355.0,76.0,"[{'id': 'co0002663', 'name': 'Warner Bros.'}, {'id': 'co0007127', 'name': 'New Regency Productions'}, {'id': 'co0035930', 'name': 'Forward Pass'}]","['1219 Dodds Circle, East Los Angeles, California, USA']"
tt0086250,Scarface,50000000.0,66443303.0,170.0,8.3,1027530.0,65.0,"[{'id': 'co0005073', 'name': 'Universal Pictures'}, {'id': 'co0056556', 'name': 'Martin Bregman Productions'}]","['485 West Matheson Drive, Key Biscayne, Florida, USA']"
tt0105236,Reservoir Dogs,1200000.0,2942225.0,99.0,8.2,1177043.0,81.0,"[{'id': 'co0049954', 'name': 'Live Entertainment'}, {'id': 'co0112857', 'name': 'Dog Eat Dog Productions Inc.'}, {'id': 'co0019267', 'name': 'A Band Apart'}]","['5860 North Figueroa Street, Highland Park, Los Angeles, California, USA']"
tt0062622,2001: A Space Odyssey,12000000.0,70035962.0,149.0,8.3,788945.0,84.0,"[{'id': 'co0007143', 'name': 'Metro-Goldwyn-Mayer (MGM)'}, {'id': 'co0038089', 'name': 'Stanley Kubrick Productions'}]","['Isle of Harris, Western Isles, Scotland, UK']"
tt1049413,Up,175000000.0,735103954.0,96.0,8.3,1248713.0,88.0,"[{'id': 'co0008970', 'name': 'Walt Disney Pictures'}, {'id': 'co0017902', 'name': 'Pixar Animation Studios'}]","['Pixar Animation Studios - 1200 Park Avenue, Emeryville, California, USA']"
tt33175825,Attack on Titan: The Last Attack,,25956985.0,145.0,8.9,34139.0,,"[{'id': 'co0376600', 'name': 'Mappa'}]",[]
tt0036775,Double Indemnity,927262.0,22760.0,107.0,8.3,182581.0,95.0,"[{'id': 'co0023400', 'name': 'Paramount Pictures'}]","['6301 Quebec Drive, Hollywood Hills, Los Angeles, California, USA']"
tt0986264,Like Stars on Earth,,21897373.0,162.0,8.3,234781.0,,"[{'id': 'co0026618', 'name': 'Aamir Khan Productions'}, {'id': 'co0173735', 'name': 'PVR Pictures'}]","['Panchgani, Maharashtra, India']"
tt0053125,North by Northwest,3101000.0,209478.0,136.0,8.3,370397.0,98.0,"[{'id': 'co0007143', 'name': 'Metro-Goldwyn-Mayer (MGM)'}]","['13296 Corcoran Rd, Wasco, California, USA']"
tt0093058,Full Metal Jacket,30000000.0,50879079.0,116.0,8.2,855845.0,78.0,"[{'id': 'co0002663', 'name': 'Warner Bros.'}, {'id': 'co0001865', 'name': 'Natant'}, {'id': 'co0038089', 'name': 'Stanley Kubrick Productions'}]","['Isle of Dogs, London, Greater London, England, UK']"
tt1832382,A Separation,500000.0,22926076.0,123.0,8.3,279413.0,95.0,"[{'id': 'co0620175', 'name': 'Asghar Farhadi Productions'}, {'id': 'co0259212', 'name': 'Dreamlab Films'}, {'id': 'co0620176', 'name': 'MPA APSA Academy Film Fund'}]","['Tehran, Iran']"
tt0022100,M,,35566.0,99.0,8.3,183756.0,,"[{'id': 'co0036089', 'name': 'Nero-Film AG'}]","['Staaken, Spandau, Berlin, Germany']"
tt0211915,Amélie,10000000.0,175556376.0,122.0,8.2,844309.0,70.0,"[{'id': 'co0125555', 'name': 'Claudie Ossard Productions'}, {'id': 'co0069524', 'name': 'Union Générale Cinématographique (UGC)'}, {'id': 'co0072800', 'name': 'Victoires Productions'}]","['Rue des Trois-Frères, Paris 18, Paris, France']"
tt31514146,I Swear,,16063720.0,120.0,8.4,56102.0,70.0,"[{'id': 'co0749499', 'name': 'One Story High'}, {'id': 'co0104718', 'name': 'Tempo Productions'}, {'id': 'co0463976', 'name': 'StudioCanal Films'}]","['Milngavie, East Dunbartonshire, Scotland, UK']"
tt0095016,Die Hard,28000000.0,143651650.0,132.0,8.2,1035655.0,72.0,"[{'id': 'co0000756', 'name': '20th Century Fox'}, {'id': 'co0119038', 'name': 'Gordon Company'}, {'id': 'co0019968', 'name': 'Silver Pictures'}]","['Fox Plaza - 2121 Avenue of the Stars, Century City, Los Angeles, California, USA']"
tt0052357,Vertigo,2479000.0,8000605.0,128.0,8.2,461004.0,100.0,"[{'id': 'co0137799', 'name': 'Alfred J. Hitchcock Productions'}]","['Fort Point, Presidio, Golden Gate National Recreation Area, San Francisco, California, USA']"
tt0033467,Citizen Kane,839727.0,1967994.0,119.0,8.2,495133.0,100.0,"[{'id': 'co0041421', 'name': 'RKO Radio Pictures'}, {'id': 'co0003016', 'name': 'Mercury Productions'}]","['Busch Gardens - S. Grove Avenue, Pasadena, California, USA']"
tt0056592,To Kill a Mockingbird,2000000.0,611817.0,129.0,8.2,352213.0,88.0,"[{'id': 'co0110362', 'name': 'Pakula-Mulligan'}, {'id': 'co0110361', 'name': 'Brentwood Productions'}]","['Monroeville, Alabama, USA']"
tt0097576,Indiana Jones and the Last Crusade,48000000.0,474171806.0,127.0,8.2,868193.0,65.0,"[{'id': 'co0023400', 'name': 'Paramount Pictures'}, {'id': 'co0071326', 'name': 'Lucasfilm'}]","['Moab, Utah, USA']"
tt0070735,The Sting,5500000.0,156005969.0,129.0,8.2,304219.0,83.0,"[{'id': 'co0019166', 'name': 'Zanuck/Brown Productions'}, {'id': 'co0005073', 'name': 'Universal Pictures'}]","['Union Station - Canal St. & Jackson Blvd., Near West Side, Chicago, Illinois, USA']"
tt0058625,Woman in the Dunes,,,147.0,8.4,25791.0,,"[{'id': 'co0024079', 'name': 'Toho Film (Eiga) Co. Ltd.'}, {'id': 'co0004532', 'name': 'Teshigahara Productions'}]","['Tottori Sand Dunes, Tottori prefecture, Japan']"
tt0066921,A Clockwork Orange,2200000.0,27193679.0,136.0,8.2,941289.0,77.0,"[{'id': 'co0002663', 'name': 'Warner Bros.'}, {'id': 'co0734629', 'name': 'Polaris Productions'}, {'id': 'co0113563', 'name': 'Hawk Films'}]","['Binsey Walk, Southmere Lake, Thamesmead South, London, England, UK']"
tt0017136,Metropolis,6000000.0,1354287.0,150.0,8.2,202365.0,98.0,"[{'id': 'co0021661', 'name': 'Universum Film (UFA)'}]","['Berlin, Germany']"
tt8579674,1917,95000000.0,446064352.0,119.0,8.2,780477.0,78.0,"[{'id': 'co0819670', 'name': 'DreamWorks Pictures'}, {'id': 'co0336601', 'name': 'Reliance Entertainment'}, {'id': 'co0644194', 'name': 'New Republic Pictures'}]","['Govan Graving Docks, Glasgow, Glasgow City, Scotland, UK']"
tt0208092,Snatch,6000000.0,83558617.0,102.0,8.2,981803.0,55.0,"[{'id': 'co0010568', 'name': 'Screen Gems'}, {'id': 'co0000750', 'name': 'SKA Films'}]","['Hatton Garden, Clerkenwell, London, Greater London, England, UK']"
tt0993846,The Wolf of Wall Street,100000000.0,407039432.0,180.0,8.2,1812224.0,75.0,"[{'id': 'co0023400', 'name': 'Paramount Pictures'}, {'id': 'co0325207', 'name': 'Red Granite Pictures'}, {'id': 'co0088354', 'name': 'Appian Way'}]","['Portofino, Genoa, Liguria, Italy']"
tt0120382,The Truman Show,60000000.0,264118712.0,103.0,8.2,1393901.0,90.0,"[{'id': 'co0023400', 'name': 'Paramount Pictures'}, {'id': 'co0093765', 'name': 'Scott Rudin Productions'}]","['Seaside, Florida, USA']"
tt0363163,Downfall,13500000.0,92181574.0,156.0,8.2,402579.0,82.0,"[{'id': 'co0002257', 'name': 'Constantin Film'}, {'id': 'co0028284', 'name': 'Norddeutscher Rundfunk (NDR)'}, {'id': 'co0075650', 'name': 'Westdeutscher Rundfunk (WDR)'}]","['St. Petersburg, Russia']"
tt0119488,L.A. Confidential,35000000.0,126216940.0,138.0,8.2,661475.0,91.0,"[{'id': 'co0867908', 'name': 'Regency Enterprises'}, {'id': 'co0089381', 'name': 'The Wolper Organization'}]","['Frolic Room - 6245 Hollywood Blvd., Hollywood, Los Angeles, California, USA']"
tt1130884,Shutter Island,80000000.0,294978537.0,138.0,8.2,1670330.0,63.0,"[{'id': 'co0023400', 'name': 'Paramount Pictures'}, {'id': 'co0029574', 'name': 'Phoenix Pictures'}, {'id': 'co0141038', 'name': 'Sikelia Productions'}]","['Peddocks Island, Boston Harbor, Boston, Massachusetts, USA']"
tt5074352,Dangal,700000000.0,303726694.0,161.0,8.3,246364.0,,"[{'id': 'co0026618', 'name': 'Aamir Khan Productions'}, {'id': 'co0131238', 'name': 'UTV Motion Pictures'}, {'id': 'co0008970', 'name': 'Walt Disney Pictures'}]","['Pune, Maharashtra, India']"
tt6966692,Green Book,23000000.0,321752656.0,130.0,8.2,697141.0,69.0,"[{'id': 'co0132772', 'name': 'Participant'}, {'id': 'co0819670', 'name': 'DreamWorks Pictures'}, {'id': 'co0646203', 'name': 'Innisfree Pictures'}]","['Houmas House Plantation, Burnside, Louisiana, USA']"
tt0040522,Bicycle Thieves,133000.0,459298.0,89.0,8.2,192599.0,,"[{'id': 'co0072996', 'name': 'Produzioni De Sica'}]","['Citta Valmelaina, Via Salaria, Rome, Lazio, Italy']"
tt0055031,Judgment at Nuremberg,3000000.0,12180.0,179.0,8.3,97791.0,60.0,"[{'id': 'co0160497', 'name': 'Roxlom Films Inc.'}]","['former Reichsparteitag area, Nuremberg, Bavaria, Germany']"
tt15398776,Oppenheimer,100000000.0,975811333.0,180.0,8.2,1078945.0,90.0,"[{'id': 'co0005073', 'name': 'Universal Pictures'}, {'id': 'co0147954', 'name': 'Syncopy'}, {'id': 'co0028338', 'name': 'Atlas Entertainment'}]","['Los Alamos, New Mexico, USA']"
tt0107290,Jurassic Park,63000000.0,1103120459.0,127.0,8.2,1191487.0,68.0,"[{'id': 'co0005073', 'name': 'Universal Pictures'}, {'id': 'co0009119', 'name': 'Amblin Entertainment'}]","['Tehachapi Pass, California, USA']"
tt0372784,Batman Begins,150000000.0,375587589.0,140.0,8.2,1733117.0,70.0,"[{'id': 'co0002663', 'name': 'Warner Bros.'}, {'id': 'co0038332', 'name': 'DC Comics'}, {'id': 'co0147954', 'name': 'Syncopy'}]","['Skaftafell, Iceland']"
tt0059578,For a Few Dollars More,600000.0,15001995.0,132.0,8.2,302360.0,74.0,"[{'id': 'co0013844', 'name': 'Produzioni Europee Associate (PEA)'}, {'id': 'co0046114', 'name': 'Arturo González Producciones Cinematográficas'}, {'id': 'co0002257', 'name': 'Constantin Film'}]","['Mini Hollywood, Tabernas, Almería, Andalucía, Spain']"
tt8503618,Hamilton,,20943625.0,160.0,8.3,141597.0,88.0,"[{'id': 'co0008970', 'name': 'Walt Disney Pictures'}, {'id': 'co0741448', 'name': '5000 Broadway Productions'}, {'id': 'co0799855', 'name': 'Nevis Productions'}]","['Richard Rodgers Theatre - 226 W. 46th Street, Manhattan, New York City, New York, USA']"
tt0053291,Some Like It Hot,2883848.0,215406.0,121.0,8.2,306251.0,98.0,"[{'id': 'co0047869', 'name': 'Ashton Productions'}, {'id': 'co0011112', 'name': 'The Mirisch Corporation'}]","['Hotel del Coronado - 1500 Orange Avenue, Coronado, California, USA']"
tt0075314,Taxi Driver,1300000.0,29000421.0,114.0,8.2,1035878.0,94.0,"[{'id': 'co0014351', 'name': 'Columbia Pictures'}, {'id': 'co0043923', 'name': 'Bill/Phillips'}, {'id': 'co0013906', 'name': 'Italo/Judeo Productions'}]","['87 Columbia Heights, Brooklyn, New York, USA']"
tt0469494,There Will Be Blood,25000000.0,76195140.0,158.0,8.2,715210.0,93.0,"[{'id': 'co0179341', 'name': 'Paramount Vantage'}, {'id': 'co0022594', 'name': 'Miramax'}, {'id': 'co0027686', 'name': 'Ghoulardi Film Company'}]","['Lompoc, California, USA']"
tt10272386,The Father,6000000.0,23175189.0,97.0,8.2,247947.0,88.0,"[{'id': 'co0812819', 'name': 'Les Films du Cru'}, {'id': 'co0167631', 'name': 'Film4'}, {'id': 'co0410559', 'name': 'Orange Studio'}]","['Blythe House, 23 Blythe Road, West Kensington, London, Greater London, England, UK']"
tt0012349,The Kid,250000.0,46650.0,68.0,8.2,146533.0,,"[{'id': 'co0028083', 'name': 'Charles Chaplin Productions'}]","['Chaplin Studios - 1416 N. La Brea Avenue, Hollywood, Los Angeles, California, USA']"
tt0042192,All About Eve,1400000.0,162640.0,138.0,8.2,150078.0,98.0,"[{'id': 'co0000756', 'name': '20th Century Fox'}]","['Shubert Theater - 247 College Street, New Haven, Connecticut, USA']"
tt0167404,The Sixth Sense,40000000.0,672806731.0,107.0,8.2,1154144.0,64.0,"[{'id': 'co0076240', 'name': 'Hollywood Pictures'}, {'id': 'co0031181', 'name': 'Spyglass Entertainment'}, {'id': 'co0013175', 'name': 'The Kennedy/Marshall Company'}]","['Striped Bass - 1500 Walnut Street, Philadelphia, Pennsylvania, USA']"
tt0089881,Ran,11500000.0,4424869.0,160.0,8.2,153557.0,97.0,"[{'id': 'co0012071', 'name': 'Greenwich Film Productions'}, {'id': 'co0086452', 'name': 'Herald Ace'}, {'id': 'co0095216', 'name': 'Kurosawa Production Co.'}]","['Himeji Castle, Himeji, Japan']"
tt0112641,Casino,52000000.0,116112375.0,178.0,8.2,624808.0,73.0,"[{'id': 'co0005073', 'name': 'Universal Pictures'}, {'id': 'co0059966', 'name': 'Syalis DA'}, {'id': 'co0015641', 'name': 'Légende Entreprises'}]","['Le Bistro Lounge, Riviera Hotel & Casino - 2901 Las Vegas Boulevard South, Las Vegas, Nevada, USA']"
tt0084787,The Thing,15000000.0,20888987.0,109.0,8.2,531543.0,57.0,"[{'id': 'co0005073', 'name': 'Universal Pictures'}, {'id': 'co0004522', 'name': 'Turman-Foster Company'}, {'id': 'co0220554', 'name': 'Province of BC, Ministry of Tourism, Film Promotion Office'}]","['Kimberley, British Columbia, Canada']"
tt0477348,No Country for Old Men,25000000.0,171635732.0,122.0,8.2,1204876.0,92.0,"[{'id': 'co0179341', 'name': 'Paramount Vantage'}, {'id': 'co0022594', 'name': 'Miramax'}, {'id': 'co0093765', 'name': 'Scott Rudin Productions'}]","['Desert Sands Motor Hotel - 5000 Central Avenue Southeast, Albuquerque, New Mexico, USA']"
tt1392214,Prisoners,46000000.0,122127446.0,153.0,8.2,949733.0,70.0,"[{'id': 'co0054452', 'name': 'Alcon Entertainment'}, {'id': 'co0252672', 'name': '8:38 Productions'}, {'id': 'co0202761', 'name': 'Madhouse Entertainment'}]","['Porterdale, Georgia, USA']"
tt12042730,Project Hail Mary,200000000.0,684234722.0,156.0,8.2,486750.0,77.0,"[{'id': 'co1025982', 'name': 'Amazon MGM Studios'}, {'id': 'co0721787', 'name': 'General Admission'}, {'id': 'co0191864', 'name': 'Lord Miller'}]","['South Parade Pier, Southsea, Portsmouth, Hampshire, England, UK']"
tt1745960,Top Gun: Maverick,177000000.0,1503260455.0,130.0,8.2,896647.0,78.0,"[{'id': 'co0023400', 'name': 'Paramount Pictures'}, {'id': 'co0152219', 'name': 'Skydance Media'}, {'id': 'co0026281', 'name': 'Jerry Bruckheimer Films'}]","['Eldorado National Forest, California, USA']"
tt0266697,Kill Bill: Vol. 1,30000000.0,180908413.0,111.0,8.2,1318336.0,69.0,"[{'id': 'co0022594', 'name': 'Miramax'}, {'id': 'co0019267', 'name': 'A Band Apart'}, {'id': 'co0086625', 'name': 'Super Cool ManChu'}]","[""St. Luke's Hospital - 2632 E. Washington Street, Pasadena, California, USA""]"
tt0457430,Pan's Labyrinth,19000000.0,83863565.0,118.0,8.2,750575.0,98.0,"[{'id': 'co0040776', 'name': 'Tequila Gang'}, {'id': 'co0016173', 'name': 'Estudios Picasso'}, {'id': 'co0816169', 'name': 'Esperanto Filmoj'}]","['El Espinar, Segovia, Castilla y León, Spain']"
tt0105695,Unforgiven,14400000.0,159167799.0,130.0,8.2,470842.0,85.0,"[{'id': 'co0002663', 'name': 'Warner Bros.'}, {'id': 'co0010258', 'name': 'Malpaso Productions'}]","['Brooks, Alberta, Canada']"
tt0268978,A Beautiful Mind,58000000.0,316791257.0,135.0,8.2,1059810.0,72.0,"[{'id': 'co0005073', 'name': 'Universal Pictures'}, {'id': 'co0819670', 'name': 'DreamWorks Pictures'}, {'id': 'co0003687', 'name': 'Imagine Entertainment'}]","['Princeton, New Jersey, USA']"
tt0347149,Howl's Moving Castle,24000000.0,243614402.0,119.0,8.2,518358.0,82.0,"[{'id': 'co1100060', 'name': ""Howl's Moving Castle Production Committee""}, {'id': 'co0049546', 'name': 'Buena Vista Home Entertainment'}, {'id': 'co0064941', 'name': 'DENTSU Music And Entertainment'}]",[]
tt0040897,The Treasure of the Sierra Madre,3000000.0,5014124.0,126.0,8.2,142225.0,98.0,"[{'id': 'co0002663', 'name': 'Warner Bros.'}]","['Kernville, California, USA']"
tt0266543,Finding Nemo,94000000.0,941637960.0,100.0,8.2,1219109.0,90.0,"[{'id': 'co0008970', 'name': 'Walt Disney Pictures'}, {'id': 'co0017902', 'name': 'Pixar Animation Studios'}]","['Pixar Animation Studios - 1200 Park Avenue, Emeryville, California, USA']"
tt32820897,Demon Slayer: Kimetsu No Yaiba Infinity Castle,20000000.0,793594078.0,155.0,8.4,78987.0,67.0,"[{'id': 'co0132285', 'name': 'Aniplex'}, {'id': 'co0251163', 'name': 'Crunchyroll'}, {'id': 'co0049595', 'name': 'Shueisha'}]","['Shinjuku, Tokyo, Japan']"
tt4729430,Klaus,40000000.0,,96.0,8.2,240526.0,65.0,"[{'id': 'co0556296', 'name': 'The SPA Studios'}, {'id': 'co0435170', 'name': 'Atresmedia Cine'}, {'id': 'co0743375', 'name': 'Netflix Animation'}]",[]
tt0055630,Yojimbo,,73334.0,110.0,8.2,144080.0,93.0,"[{'id': 'co0095216', 'name': 'Kurosawa Production Co.'}, {'id': 'co0366837', 'name': 'Sammy'}, {'id': 'co0002219', 'name': 'Toho'}]","['Toho Studios, Tokyo, Japan']"
tt0080678,The Elephant Man,5000000.0,26078397.0,124.0,8.2,283153.0,78.0,"[{'id': 'co0000858', 'name': 'Brooksfilms'}]","[""Butler's Wharf, Shad Thames, Southwark, London, England, UK""]"
tt0057115,The Great Escape,4000000.0,232707.0,172.0,8.2,278993.0,86.0,"[{'id': 'co0258862', 'name': 'The Mirisch Company'}, {'id': 'co0149497', 'name': 'Alpha Productions'}]","['Füssen, Bavaria, Germany']"
tt0071853,Monty Python and the Holy Grail,229575.0,2942232.0,91.0,8.1,605899.0,91.0,"[{'id': 'co0103397', 'name': 'Python (Monty) Pictures'}, {'id': 'co0103461', 'name': 'Michael White Productions'}, {'id': 'co0061741', 'name': 'National Film Trustee Company'}]","['Castle Stalker, Appin, Argyll and Bute, Scotland, UK']"
tt0046912,Dial M for Murder,1400000.0,45773.0,105.0,8.1,206139.0,75.0,"[{'id': 'co0002663', 'name': 'Warner Bros.'}]","['Stage 5, Warner Brothers Burbank Studios - 4000 Warner Boulevard, Burbank, California, USA']"
tt1305806,The Secret in Their Eyes,2000000.0,35079650.0,129.0,8.2,244184.0,80.0,"[{'id': 'co0033873', 'name': 'Tornasol Films'}, {'id': 'co0233453', 'name': 'Haddock Films'}, {'id': 'co0119804', 'name': '100 Bares'}]","['Estación Retiro, Retiro, Buenos Aires, Federal District, Argentina']"
tt0031381,Gone with the Wind,3977000.0,402382193.0,238.0,8.2,357410.0,97.0,"[{'id': 'co0130901', 'name': 'Selznick International Pictures'}, {'id': 'co0007143', 'name': 'Metro-Goldwyn-Mayer (MGM)'}]","['Big Bear Lake, Big Bear Valley, San Bernardino National Forest, California, USA']"
tt0120735,"Lock, Stock and Two Smoking Barrels",960000.0,3753929.0,107.0,8.1,652077.0,67.0,"[{'id': 'co0024369', 'name': 'The Steve Tisch Company'}, {'id': 'co0000750', 'name': 'SKA Films'}]","['St John Street, London, Greater London, England, UK']"
tt0071315,Chinatown,6000000.0,29236061.0,130.0,8.1,378538.0,92.0,"[{'id': 'co0023400', 'name': 'Paramount Pictures'}, {'id': 'co0001235', 'name': 'Penthouse Video'}, {'id': 'co0044146', 'name': 'Long Road Productions'}]","['Big Tujunga Wash at Foothill Blvd., Sunland, Los Angeles, California, USA']"
tt0264464,Catch Me If You Can,52000000.0,352114312.0,141.0,8.1,1255617.0,75.0,"[{'id': 'co0819670', 'name': 'DreamWorks Pictures'}, {'id': 'co0084134', 'name': 'Kemp Company'}, {'id': 'co0112912', 'name': 'Splendid Pictures'}]","['Alcatraz Prison, Alcatraz Island, San Francisco Bay, California, USA']"
tt0434409,V for Vendetta,54000000.0,134686457.0,132.0,8.1,1252347.0,62.0,"[{'id': 'co0002663', 'name': 'Warner Bros.'}, {'id': 'co0167271', 'name': 'Virtual Studios'}, {'id': 'co0019968', 'name': 'Silver Pictures'}]","['Aldwych Underground Railway Station, Surrey Street, Aldwych, Westminster, Greater London, England, UK']"
tt0346336,The Best of Youth,,2799773.0,374.0,8.4,28539.0,89.0,"[{'id': 'co0089379', 'name': 'BiBi Film'}, {'id': 'co0068775', 'name': 'Rai Fiction'}, {'id': 'co0022818', 'name': 'Film Commission Torino-Piemonte'}]","['Florence, Tuscany, Italy']"
tt2096673,Inside Out,175000000.0,859076401.0,95.0,8.1,926683.0,94.0,"[{'id': 'co0008970', 'name': 'Walt Disney Pictures'}, {'id': 'co0017902', 'name': 'Pixar Animation Studios'}]","['Pixar Animation Studios - 1200 Park Avenue, Emeryville, California, USA']"
tt0097165,Dead Poets Society,16400000.0,235860116.0,128.0,8.1,663088.0,79.0,"[{'id': 'co0049348', 'name': 'Touchstone Pictures'}, {'id': 'co0133018', 'name': 'Silver Screen Partners IV'}, {'id': 'co0587257', 'name': 'A Steven Haft Production'}]","[""St. Andrew's School - 350 Noxontown Road, Middletown, Delaware, USA""]"
tt0117951,Trainspotting,1500000.0,17394237.0,93.0,8.1,771878.0,83.0,"[{'id': 'co0103532', 'name': 'Channel Four Films'}, {'id': 'co0103732', 'name': 'Figment Films'}, {'id': 'co0011025', 'name': 'The Noel Gay Motion Picture Company'}]","['Corrour Railway Station, Highland, Scotland, UK']"
tt5027774,"Three Billboards Outside Ebbing, Missouri",15000000.0,162729321.0,115.0,8.1,612783.0,88.0,"[{'id': 'co0010002', 'name': 'Blueprint Pictures'}, {'id': 'co0167631', 'name': 'Film4'}]","['Black Mountain, North Carolina, USA']"
tt1201607,Harry Potter and the Deathly Hallows: Part 2,125000000.0,1342942050.0,130.0,8.1,1056349.0,85.0,"[{'id': 'co0002663', 'name': 'Warner Bros.'}, {'id': 'co0159772', 'name': 'Heyday Films'}]","['Freshwater West Beach, Castlemartin, Pembroke, Pembrokeshire, Wales, UK']"
tt0050212,The Bridge on the River Kwai,3000000.0,27202719.0,161.0,8.1,249829.0,88.0,"[{'id': 'co0103190', 'name': 'Horizon Pictures (II)'}]","['Ambepussa, Sri Lanka']"
tt0042876,Rashomon,250000.0,147443.0,88.0,8.1,197918.0,98.0,"[{'id': 'co0045027', 'name': 'Daiei'}]","['Komyoji Temple, Kyoto, Japan']"
tt0072684,Barry Lyndon,11000000.0,597331.0,185.0,8.1,206992.0,89.0,"[{'id': 'co0025454', 'name': 'Peregrine'}, {'id': 'co0113563', 'name': 'Hawk Films'}, {'id': 'co0002663', 'name': 'Warner Bros.'}]","['Carton House, Maynooth, County Kildare, Ireland']"
tt29623480,The Wild Robot,78000000.0,334509500.0,102.0,8.2,233159.0,85.0,"[{'id': 'co0169264', 'name': 'Dentsu'}, {'id': 'co0129164', 'name': 'DreamWorks Animation'}]",[]
tt0052618,Ben-Hur,15000000.0,74445133.0,212.0,8.1,272480.0,90.0,"[{'id': 'co0007143', 'name': 'Metro-Goldwyn-Mayer (MGM)'}]","['Corner of Via di Salone and Via delle Case Rosse, Salone Caves, Rome, Lazio, Italy']"
tt1291584,Warrior,25000000.0,23308615.0,140.0,8.1,531848.0,71.0,"[{'id': 'co0006881', 'name': 'Lionsgate'}, {'id': 'co0272027', 'name': 'Mimran Schur Pictures'}, {'id': 'co0018083', 'name': 'Solaris'}]","['Meadows Racetrack & Casino - 210 Racetrack Road, Washington, Pennsylvania, USA']"
tt0116282,Fargo,7000000.0,60611975.0,98.0,8.1,792135.0,88.0,"[{'id': 'co0030612', 'name': 'Polygram Filmed Entertainment'}, {'id': 'co0057311', 'name': 'Working Title Films'}]","['Grafton, North Dakota, USA']"
tt2119532,Hacksaw Ridge,40000000.0,180563636.0,139.0,8.1,691126.0,71.0,"[{'id': 'co0046206', 'name': 'Summit Entertainment'}, {'id': 'co0285648', 'name': 'Cross Creek Pictures'}, {'id': 'co0317576', 'name': 'Demarest Films'}]","['Sydney, New South Wales, Australia']"
tt1392190,Mad Max: Fury Road,150000000.0,380456026.0,120.0,8.1,1215252.0,90.0,"[{'id': 'co0002663', 'name': 'Warner Bros.'}, {'id': 'co0108864', 'name': 'Village Roadshow Pictures'}, {'id': 'co0351258', 'name': 'Kennedy Miller Mitchell'}]","['Namib Desert, Namibia']"
tt0405159,Million Dollar Baby,30000000.0,216763646.0,132.0,8.1,770563.0,86.0,"[{'id': 'co0002663', 'name': 'Warner Bros.'}, {'id': 'co0005323', 'name': 'Lakeshore Entertainment'}, {'id': 'co0010258', 'name': 'Malpaso Productions'}]","['Hollywood Athletic Club - 6525 W. Sunset Blvd., Hollywood, Los Angeles, California, USA']"
tt0382932,Ratatouille,150000000.0,623746563.0,111.0,8.1,958110.0,96.0,"[{'id': 'co0008970', 'name': 'Walt Disney Pictures'}, {'id': 'co0017902', 'name': 'Pixar Animation Studios'}]","['Pixar Animation Studios - 1200 Park Avenue, Emeryville, California, USA']"
tt0118849,Children of Heaven,180000.0,933933.0,89.0,8.2,90819.0,77.0,"[{'id': 'co0053189', 'name': 'Kanoon Parvaresh Fekri'}]","['Tehran, Iran']"
tt0096283,My Neighbor Totoro,3700000.0,32034152.0,86.0,8.1,436795.0,87.0,"[{'id': 'co0006071', 'name': 'Tokuma Japan Communications'}, {'id': 'co0048420', 'name': 'Studio Ghibli'}, {'id': 'co0205112', 'name': 'Nibariki'}]",[]
tt1205489,Gran Torino,33000000.0,269958228.0,116.0,8.1,867139.0,73.0,"[{'id': 'co0002663', 'name': 'Warner Bros.'}, {'id': 'co0108864', 'name': 'Village Roadshow Pictures'}, {'id': 'co0112616', 'name': 'Double Nickel Entertainment'}]","['238 Rhode Island Street Highland Park Michigan, USA']"
tt0081398,Raging Bull,18000000.0,23406558.0,129.0,8.1,412445.0,90.0,"[{'id': 'co0054262', 'name': 'Chartoff-Winkler Productions'}]","[""Hell's Kitchen, Manhattan, New York City, New York, USA""]"
tt2024544,12 Years a Slave,20000000.0,187734091.0,134.0,8.1,791703.0,96.0,"[{'id': 'co0172093', 'name': 'Regency Enterprizes'}, {'id': 'co0120121', 'name': 'River Road Entertainment'}, {'id': 'co0136967', 'name': 'Plan B Entertainment'}]","[""Madame John's Legacy, the French Quarter, New Orleans, Louisiana, USA""]"
tt0353969,Memories of Murder,2800000.0,1213056.0,131.0,8.1,272127.0,82.0,"[{'id': 'co0073647', 'name': 'Sidus'}, {'id': 'co0043365', 'name': 'CJ Entertainment'}, {'id': 'co0338039', 'name': 'Muhan Investment'}]",['South Korea']
tt0892769,How to Train Your Dragon,165000000.0,494879860.0,98.0,8.1,903726.0,75.0,"[{'id': 'co0129164', 'name': 'DreamWorks Animation'}]","['DreamWorks Animation - 1000 Flower Street, Glendale, California, USA']"
tt2278388,The Grand Budapest Hotel,25000000.0,174567384.0,99.0,8.1,981448.0,88.0,"[{'id': 'co0982337', 'name': 'Fox Searchlight Pictures'}, {'id': 'co0215519', 'name': 'Indian Paintbrush'}, {'id': 'co0053177', 'name': 'Studio Babelsberg'}]","['Görlitz, Saxony, Germany']"
tt0112471,Before Sunrise,2500000.0,6644294.0,101.0,8.1,381809.0,79.0,"[{'id': 'co0040620', 'name': 'Castle Rock Entertainment'}, {'id': 'co0123642', 'name': 'Detour Filmproduction'}, {'id': 'co0258139', 'name': 'Filmhaus Wien Universa Filmproduktions'}]","['Riesenrad, Prater, Vienna, Austria']"
tt0083658,Blade Runner,28000000.0,41824552.0,117.0,8.1,886953.0,84.0,"[{'id': 'co0042559', 'name': 'The Ladd Company'}, {'id': 'co0128798', 'name': 'Shaw Brothers'}, {'id': 'co0002663', 'name': 'Warner Bros.'}]","['Bradbury Building - 304 S. Broadway, Downtown, Los Angeles, California, USA']"
tt0198781,"Monsters, Inc.",115000000.0,579773055.0,92.0,8.1,1085337.0,79.0,"[{'id': 'co0008970', 'name': 'Walt Disney Pictures'}, {'id': 'co0017902', 'name': 'Pixar Animation Studios'}]","['Pixar Animation Studios - 1200 Park Avenue, Emeryville, California, USA']"
tt2267998,Gone Girl,61000000.0,370890259.0,149.0,8.1,1180748.0,79.0,"[{'id': 'co0000756', 'name': '20th Century Fox'}, {'id': 'co0867908', 'name': 'Regency Enterprises'}, {'id': 'co0420822', 'name': 'TSG Entertainment'}]","['Cape Girardeau, Missouri, USA']"
tt0073195,Jaws,7000000.0,490736300.0,124.0,8.1,745824.0,87.0,"[{'id': 'co0019166', 'name': 'Zanuck/Brown Productions'}, {'id': 'co0005073', 'name': 'Universal Pictures'}]","[""Water Street, Edgartown, Martha's Vineyard, Massachusetts, USA""]"
tt1950186,Ford v Ferrari,97600000.0,226299480.0,152.0,8.1,580937.0,81.0,"[{'id': 'co0000756', 'name': '20th Century Fox'}, {'id': 'co0286257', 'name': 'Chernin Entertainment'}, {'id': 'co0420822', 'name': 'TSG Entertainment'}]","['Savannah, Georgia, USA']"
tt10872600,Spider-Man: No Way Home,200000000.0,1921426073.0,148.0,8.1,1049415.0,71.0,"[{'id': 'co0014351', 'name': 'Columbia Pictures'}, {'id': 'co0051941', 'name': 'Marvel Studios'}, {'id': 'co0532247', 'name': 'Pascal Pictures'}]",['Iceland']
tt0107207,In the Name of the Father,13000000.0,65796862.0,133.0,8.1,203962.0,84.0,"[{'id': 'co0019015', 'name': ""Hell's Kitchen Films""}, {'id': 'co0005073', 'name': 'Universal Pictures'}]","['Kilmainham Jail, Dublin, County Dublin, Ireland']"
tt3011894,Wild Tales,3300000.0,31478893.0,122.0,8.1,240387.0,77.0,"[{'id': 'co0196381', 'name': 'K&S Films'}, {'id': 'co0006440', 'name': 'El Deseo'}, {'id': 'co0037736', 'name': 'Televisión Federal (Telefe)'}]","['Cafayate, Salta, Argentina']"
tt0015864,The Gold Rush,923000.0,83020.0,95.0,8.1,128741.0,90.0,"[{'id': 'co0028083', 'name': 'Charles Chaplin Productions'}]","['Sierra Nevada Mountains, California, USA']"
tt0015324,Sherlock Jr.,,12065.0,45.0,8.1,66560.0,,"[{'id': 'co0081891', 'name': 'Buster Keaton Productions'}]","['3630 Pasadena Ave, Los Angeles, California, USA']"
tt0978762,Mary and Max,8240000.0,1740845.0,92.0,8.1,202703.0,72.0,"[{'id': 'co0112023', 'name': 'Melodrama Pictures'}]","['Melbourne, Victoria, Australia']"
tt30472557,Chainsaw Man - The Movie: Reze Arc,,162440471.0,100.0,8.3,64410.0,71.0,"[{'id': 'co0376600', 'name': 'Mappa'}, {'id': 'co0049595', 'name': 'Shueisha'}]",[]
tt5323662,A Silent Voice: The Movie,,30819442.0,130.0,8.2,147251.0,78.0,"[{'id': 'co0623776', 'name': 'ABC Animation'}, {'id': 'co1099846', 'name': 'Kodansha'}, {'id': 'co0089081', 'name': 'Kyoto Animation'}]",[]
tt0046268,The Wages of Fear,,22326.0,156.0,8.1,74063.0,85.0,"[{'id': 'co0002264', 'name': 'Compagnie Industrielle et Commerciale Cinématographique (CICC)'}, {'id': 'co0010228', 'name': 'Filmsonor'}, {'id': 'co0132005', 'name': 'Vera Films'}]","['Bouches-du-Rhône, France']"
tt0077416,The Deer Hunter,15000000.0,49080334.0,183.0,8.1,388047.0,90.0,"[{'id': 'co0103338', 'name': 'EMI Films'}]","['St. Theodosius Russian Orthodox Church - 733 Starkweather Avenue, Cleveland, Ohio, USA']"
tt0075148,Rocky,960000.0,117253345.0,120.0,8.1,696998.0,70.0,"[{'id': 'co0054262', 'name': 'Chartoff-Winkler Productions'}]","['1818 East Tusculum Street, Kensington, North Philadelphia, Pennsylvania, USA']"
tt3315342,Logan,97000000.0,619180476.0,137.0,8.1,934339.0,77.0,"[{'id': 'co0000756', 'name': '20th Century Fox'}, {'id': 'co0047120', 'name': 'Marvel Entertainment'}, {'id': 'co0420822', 'name': 'TSG Entertainment'}]","['Just outside Northern Meadows community, Rio Rancho, New Mexico, USA']"
tt0017925,The General,750000.0,2951.0,78.0,8.1,105667.0,,"[{'id': 'co0081891', 'name': 'Buster Keaton Productions'}, {'id': 'co0000357', 'name': 'Joseph M. Schenck Productions'}]","['Eugene, Oregon, USA']"
tt0325980,Pirates of the Caribbean: The Curse of the Black Pearl,140000000.0,654264835.0,143.0,8.1,1338214.0,63.0,"[{'id': 'co0008970', 'name': 'Walt Disney Pictures'}, {'id': 'co0026281', 'name': 'Jerry Bruckheimer Films'}]","['Bequia, St Vincent and the Grenadines']"
tt22084616,Spider-Man: Brand New Day,225000000.0,1052956180.0,145.0,8.2,140349.0,66.0,"[{'id': 'co1050390', 'name': 'Canada Audio Visual Tax Credit'}, {'id': 'co0014351', 'name': 'Columbia Pictures'}, {'id': 'co0043117', 'name': 'Deutsche Film- und Fernsehakademie Berlin (DFFB)'}]","['Glasgow, Scotland, UK']"
tt0031679,Mr. Smith Goes to Washington,1900000.0,146448.0,129.0,8.1,130099.0,73.0,"[{'id': 'co0014351', 'name': 'Columbia Pictures'}]","['Lincoln Memorial, National Mall, Washington, District of Columbia, USA']"
tt0046438,Tokyo Story,,108861.0,137.0,8.1,78394.0,100.0,"[{'id': 'co0007001', 'name': 'Shochiku'}, {'id': 'co0837272', 'name': 'Entertain Me Productions'}]","['Tokyo, Japan']"
tt0113247,La haine,2590000.0,805316.0,98.0,8.1,229774.0,,"[{'id': 'co0056741', 'name': 'Les Productions Lazennec'}, {'id': 'co0028557', 'name': 'Canal+'}, {'id': 'co0072659', 'name': 'La Sept Cinéma'}]","['Chanteloup-les-Vignes, Yvelines, France']"
tt1895587,Spotlight,20000000.0,98690254.0,129.0,8.1,538613.0,93.0,"[{'id': 'co0132772', 'name': 'Participant'}, {'id': 'co0732581', 'name': 'First Look Media'}, {'id': 'co0017525', 'name': 'Anonymous Content'}]","['333 Bay Street, Bay-Adelaide Centre, Toronto, Ontario, Canada']"
tt0252488,The Chaos Class Failed the Class,,,95.0,8.4,31156.0,,"[{'id': 'co0003659', 'name': 'Arzu Film'}]","['Istanbul, Turkey']"
tt0059742,The Sound of Music,8200000.0,161519336.0,174.0,8.1,293447.0,63.0,"[{'id': 'co0024434', 'name': 'Robert Wise Productions'}, {'id': 'co0021486', 'name': 'Argyle Enterprises'}]","['Felsenreitschule, Salzburg, Austria']"
tt15097216,Jai Bhim,,,164.0,8.6,235531.0,,"[{'id': 'co0536867', 'name': '2D Entertainment'}]",[]
tt26548265,Maharaja,200000000.0,975543.0,141.0,8.3,84211.0,,"[{'id': 'co0717585', 'name': 'Passion Studios'}, {'id': 'co0946109', 'name': 'The Route'}]",[]
tt0047296,On the Waterfront,910000.0,3768.0,108.0,8.1,179993.0,91.0,"[{'id': 'co0014351', 'name': 'Columbia Pictures'}, {'id': 'co0218910', 'name': 'Horizon Pictures'}]","['St Peter and St Paul Church - 400 Hudson Street, Hoboken, New Jersey, USA']"
tt0088247,The Terminator,6400000.0,78371200.0,107.0,8.1,1012578.0,84.0,"[{'id': 'co0056805', 'name': 'Hemdale'}, {'id': 'co0777708', 'name': 'Pacific Western Productions'}, {'id': 'co0215706', 'name': 'Euro Film Funding'}]","['720 South Hill Street, Los Angeles, California, USA']"
tt0050986,Wild Strawberries,,104614.0,92.0,8.1,125290.0,88.0,"[{'id': 'co0050989', 'name': 'Svensk Filmindustri (SF)'}]","['Dalarö, Stockholms län, Sweden']"
tt0036868,The Best Years of Our Lives,2100000.0,23667133.0,170.0,8.1,76776.0,93.0,"[{'id': 'co0189536', 'name': 'Samuel Goldwyn Productions'}]","['Ontario International Airport - 2900 E. Airport Drive, Ontario, California, USA']"
tt0041959,The Third Man,,1429209.0,104.0,8.1,196655.0,97.0,"[{'id': 'co0103018', 'name': 'London Film Productions'}]","['8 Schreyvogelgasse, Vienna, Austria']"
tt0118715,The Big Lebowski,15000000.0,48261691.0,117.0,8.1,921354.0,71.0,"[{'id': 'co0030612', 'name': 'Polygram Filmed Entertainment'}, {'id': 'co0057311', 'name': 'Working Title Films'}]","['South Pasadena, California, USA']"
tt0317705,The Incredibles,92000000.0,631688498.0,115.0,8.0,911125.0,90.0,"[{'id': 'co0008970', 'name': 'Walt Disney Pictures'}, {'id': 'co0017902', 'name': 'Pixar Animation Studios'}]","['Pixar Animation Studios - 1200 Park Avenue, Emeryville, California, USA']"
tt0381681,Before Sunset,2700000.0,16373310.0,80.0,8.1,318123.0,91.0,"[{'id': 'co0106448', 'name': 'Warner Independent Pictures (WIP)'}, {'id': 'co0040620', 'name': 'Castle Rock Entertainment'}, {'id': 'co0123642', 'name': 'Detour Filmproduction'}]","['Seine River, Paris, France']"
tt1028532,Hachi: A Dog's Tale,16000000.0,46749646.0,93.0,8.1,346271.0,,"[{'id': 'co0222021', 'name': 'Stage 6 Films'}, {'id': 'co0119195', 'name': 'Inferno Distribution'}, {'id': 'co0341749', 'name': 'Hachiko'}]","['Rhode Island, USA']"
tt3170832,Room,13000000.0,35402766.0,118.0,8.1,483005.0,86.0,"[{'id': 'co0214624', 'name': 'Element Pictures'}, {'id': 'co0018776', 'name': 'Bord Scannán na hÉireann / The Irish Film Board'}, {'id': 'co0167631', 'name': 'Film4'}]","['Apache Burgers, 5236 Dundas St. W., Etobicoke, Ontario, Canada']"
tt0050976,The Seventh Seal,150000.0,335862.0,96.0,8.1,216733.0,88.0,"[{'id': 'co0050989', 'name': 'Svensk Filmindustri (SF)'}]","['Hovs Hallar - Naturreservat, Skåne län, Sweden']"
tt0395169,Hotel Rwanda,17500000.0,33882243.0,121.0,8.1,393775.0,79.0,"[{'id': 'co0026841', 'name': 'United Artists'}, {'id': 'co0006881', 'name': 'Lionsgate'}, {'id': 'co0127643', 'name': 'Industrial Development Corporation of South Africa'}]","['Kigali, Rwanda']"
tt0070047,The Exorcist,11000000.0,430872776.0,122.0,8.1,501992.0,83.0,"[{'id': 'co0002663', 'name': 'Warner Bros.'}, {'id': 'co0069305', 'name': 'Hoya Productions'}]","['Mosul, Iraq']"
tt0091763,Platoon,6000000.0,138547185.0,120.0,8.0,475069.0,92.0,"[{'id': 'co0056805', 'name': 'Hemdale'}, {'id': 'co0106410', 'name': ""Cinema '84""}, {'id': 'co0043707', 'name': 'Cinema 86'}]",['Philippines']
tt0129167,The Iron Giant,70000000.0,23340070.0,86.0,8.1,263673.0,85.0,"[{'id': 'co0002663', 'name': 'Warner Bros.'}, {'id': 'co0072876', 'name': 'Warner Bros. Animation'}, {'id': 'co0012442', 'name': 'Warner Bros. Feature Animation'}]","['Los Angeles, California, USA']"
tt1979320,Rush,38000000.0,93328577.0,123.0,8.1,563909.0,74.0,"[{'id': 'co0234935', 'name': 'Exclusive Media Group'}, {'id': 'co0285648', 'name': 'Cross Creek Pictures'}, {'id': 'co0003687', 'name': 'Imagine Entertainment'}]","['Nürburgring, Rhineland-Palatinate, Germany']"
tt0092005,Stand by Me,8000000.0,54318325.0,89.0,8.1,491764.0,76.0,"[{'id': 'co0043140', 'name': 'Act III Communications'}]","['Lake Britton Bridge, Shasta-Trinity National Forest, Burney, California, USA']"
tt0032138,The Wizard of Oz,2777000.0,25637669.0,102.0,8.1,470727.0,92.0,"[{'id': 'co0007143', 'name': 'Metro-Goldwyn-Mayer (MGM)'}]","['Stage 28, Sony Pictures Studios - 10202 W. Washington Blvd., Culver City, California, USA']"
tt0058946,The Battle of Algiers,800000.0,963474.0,121.0,8.1,76541.0,96.0,"[{'id': 'co0136687', 'name': 'Casbah Film'}, {'id': 'co0054014', 'name': 'Igor Film'}]","['Casbah, Algiers, Algeria']"
tt0476735,My Father and My Son,,18612999.0,112.0,8.2,101710.0,,"[{'id': 'co0209851', 'name': 'Avsar Film'}]","['Seferihisar, Turkey']"
tt0019254,The Passion of Joan of Arc,,22731.0,114.0,8.1,68877.0,98.0,"[{'id': 'co0065371', 'name': 'Société générale des films'}]","['Boulogne-Billancourt, Hauts-de-Seine, France']"
tt4016934,The Handmaiden,10000000000.0,37962797.0,145.0,8.1,206661.0,85.0,"[{'id': 'co0043365', 'name': 'CJ Entertainment'}, {'id': 'co0157434', 'name': 'Moho Film'}, {'id': 'co0484128', 'name': 'Yong Film'}]","['Nagoya, Aichi, Japan']"
tt0167261,The Lord of the Rings: The Two Towers,94000000.0,945185917.0,179.0,8.8,1973312.0,87.0,"[{'id': 'co0046718', 'name': 'New Line Cinema'}, {'id': 'co0046203', 'name': 'WingNut Films'}, {'id': 'co0061706', 'name': 'The Saul Zaentz Company'}]","['Hinuera Valley, Matamata, Waikato, New Zealand']"

